App,Role,DubboService
HAFinServerForPrpall,providers,webservice.provider.paymentquery.facade.FINReceiveCMISInfoService,-,HAFinServerForPrpall,providers,finapi.provider.commi.facade.FinForOutPlatformService,-
HAFinServerForPrpall,providers,webservice.provider.claim.facade.ClaimWebService,-
HAFinServerForPrpall,providers,finapi.provider.voucher.facade.VoucherWebService,-
HAFinServerForPrpall,providers,webservice.provider.reins.facade.ReinsWebService,-
HAFinServerForPrpall,providers,com.core.application.platform.service.facade.GgFinAutoTaskService,-
HAFinServerForPrpall,providers,webservice.provider.prpall.facade.PrpallWebJSONService,-
HAFinServerForPrpall,providers,webservice.provider.paymentquery.facade.FINReceiveBackinfoService,-
HAFinServerForPrpall,providers,finapi.provider.realname.facade.FinForRealNameService,-
HAFinServerForPrpall,providers,webservice.provider.prpall.facade.TeleSalesService,-
HAFinServerForPrpall,providers,webservice.provider.paymentquery.facade.PaymentQueryService,-
HAFinServerForPrpall,providers,webservice.provider.prpall.facade.PrpallWebService,-
HAFinServerForPrpall,providers,webservice.provider.paymentquery.facade.FINReceiveCarPlatformInfoService,-
HAFinServerForPrpall,providers,webservice.provider.others.facade.Fin_p_commi_ReaccruedService,-
HAFinServerForPrpall,consumers,com.core.tcs.vc.webservice.provider.docVerInquiry.component.DocVerInquiryService,-
HAFinServerForPrpall,consumers,com.sinosafe.core.ins.payment.provider.service.intf.VehicleInsToFinCertiVoildService,-
HAFinServerForPrpall,consumers,com.sinosafe.core.ins.prpall.provider.service.intf.VehicleEleProposalService,-
HAFinServerForPrpall,consumers,dub.provider.payment.facade.InfResetCommissionService,-
HAFinServerForPrpall,consumers,com.core.application.interact.dubbo.provider.payment.paymentInterFacade.Claim2PaymentInterFacade,-
HAFinServerForPrpall,consumers,com.sinosafe.outside.ins.midbusi.provider.service.intf.VehicleProvideToMidBuisPlatService,-
HAFinServerForPrpall,consumers,com.sinosafe.core.ins.payment.provider.service.intf.VehicleInsToFinCertiCheckService,-
HAFinServerForPrpall,consumers,dub.provider.payment.facade.GuToPaymentService,-
HAFinServerForPrpall,consumers,dub.provider.outsys.facade.InfOutSystemService,-
HAFinServerForPrpall,consumers,feeapi.provider.dubbo.service.FinDubboService,-
HAFinServerForPrpall,consumers,com.core.service.interf.GrCommonDataQueryService,-
HAFinServerForPrpall,consumers,cn.com.sinosafe.lina.shortdomain.dubbo.service.ShortDomainDubboService,“—«®“∆
HAFinServerForPrpall,consumers,com.sinosafe.core.ins.prpall.provider.service.intf.VehicleInsCIPlatformService,-
HAFinServerForPrpall,consumers,com.core.tcs.vc.webservice.provider.docNumStatusInquiry.component.DocNumStatusInquiryService,-
HAFinServerForPrpall,consumers,com.sinosafe.core.ins.payment.provider.service.intf.VehicleInsToFinSaveIssueCodeSer,-
HAFinServerForPrpall,consumers,com.core.tcs.vc.webservice.provider.docDoUsed.component.DocDoUsedService,-
HAFinServerForPrpall,consumers,com.core.application.platform.service.facade.GgCoinsUpdateFlagService,-
HAFinServerForPrpall,consumers,com.sinosafe.ucenter.api.FinToUcenterService,-
HAFinServerForPrpall,consumers,com.sinosafe.core.ins.payment.provider.service.intf.VehicleToPaymentService,-
eshopauto,consumers,com.sinosafe.sms.dubbo.service.SmsService,-
eshopauto,consumers,cn.com.sinosafe.claim.newcore.service.GcSelfClmService,-
eshopauto,consumers,com.sinosafe.outside.ins.midbusi.provider.service.intf.VehicleProvideToMidBuisPlatService,-
eshopauto,consumers,com.crm.app.workflow.deliver.service.PayRewriteService,-
eshopauto,consumers,finapi.provider.realname.facade.FinForRealNameService,-
eshopauto,consumers,com.hf.framework.cas.login.LoginService,-
eshopauto,consumers,com.sinosafe.service.PointsService,-
eshopauto,consumers,com.sinosafe.mplatform.web.service.MpFlowEntryServiceProxy,-
eshopauto,consumers,com.sinosafe.dubbo.service.AppInterfaceModulesUser,-
eshopauto,consumers,webservice.provider.paymentquery.facade.FINReceiveCarPlatformInfoService,-
eshopauto,consumers,cn.com.sinosafe.lina.applogger.service.CibsForDubboService,-
mplatform,consumers,com.sinosafe.sms.dubbo.service.SmsService,-
mplatform,consumers,com.core.tcs.vc.ifc.InvoiceIFCCommonService,-
mplatform,consumers,com.sinosafe.outside.ins.midbusi.provider.service.intf.VehicleProvideToMidBuisPlatService,-
mplatform,consumers,com.hf.framework.cas.login.LoginService,-
mplatform,consumers,dub.provider.outsys.facade.InfOutSystemService,-
mplatform,consumers,com.sinosafe.service.PointsService,-
mplatform,consumers,com.sinosoft.web.service.InterfaceProxyHandler,-
mplatform,consumers,webservice.provider.prpall.facade.PrpallWebService,-
mplatform,consumers,webservice.provider.paymentquery.facade.FINReceiveCarPlatformInfoService,-
mplatform,consumers,cn.com.sinosafe.fee.dubbo.service.SalesProductReceiveService,“—«®“∆
mplatform,providers,com.sinosafe.mplatform.web.service.MpFlowEntryServiceProxy,-
mplatform,providers,com.ha.net.nsp.renewal.service.CheckPolicyRenewalService,-
mplatform,providers,com.sinosafe.mplatform.service.service.ClaimInfoService,-
dx-dageo,consumers,com.sinosafe.sms.dubbo.service.SmsService,-
dx-dageo,consumers,com.sinosafe.outside.ins.midbusi.provider.service.intf.VehicleProvideToMidBuisPlatService,-
CIMHA,consumers,com.sinosafe.sms.dubbo.service.SmsService,-
CIMHA,consumers,com.sinosafe.outside.ins.midbusi.provider.service.intf.VehicleProvideToMidBuisPlatService,-
CIMHA,consumers,com.sinosafe.xinbao.dubbo.service.CommonService,-
CIMHA,consumers,com.sinosafe.outside.ins.phoneSales.provider.service.intf.VehicleProvideToElectricPinService,-
CIMHA,consumers,com.sinosafe.xinbao.dubbo.service.SYZXDService,-
CIMHA,consumers,com.sinosafe.xinbao.dubbo.service.ReturnVisitService,-
CIMHA,consumers,com.sinosafe.center.dubbo.service.EcifsearchService,-
CIMHA,consumers,com.sinosafe.xinbao.dubbo.service.LifeLoanService,-
CIMHA,providers,com.hacc.service.ComplaintsListService,-
CIMHA,providers,com.hacc.service.ComplaintInfoService,-
CIMHA,providers,com.sinosafe.hacc.dubbo.service.RecallServiceForWX,-
CIMHA,providers,com.hacc.service.RecallService,-
dx_platform,consumers,com.sinosafe.sms.dubbo.service.SmsService,-
dx_platform,consumers,com.sinosafe.outside.ins.midbusi.provider.service.intf.VehicleProvideToMidBuisPlatService,-
dx_platform,consumers,com.sinosafe.outside.ins.phoneSales.provider.service.intf.VehicleProvideToElectricPinService,-
dx_platform,providers,com.crm.app.workflow.deliver.service.PayRewriteService,-
dx_platform,providers,com.crm.app.workflow.deliver.service.TelesalesDeliverService,-
dx_platform,providers,com.crm.app.workflow.deliver.service.InetOppService,-
mplatnauto,consumers,com.sinosafe.sms.dubbo.service.SmsService,-
mplatnauto,consumers,com.core.tcs.vc.ifc.InvoiceIFCCommonService,-
mplatnauto,consumers,dub.provider.outsys.facade.InfOutSystemService,-
sms,providers,com.sinosafe.sms.dubbo.service.SmsService,-
payment-service,providers,com.sinosafe.payment.service.common.JobService,-
payment-service,providers,com.sinosafe.payment.service.pay.PaymentService,-
payment-service,providers,com.sinosafe.payment.service.common.PaymentWebManageService,-
payment-service,providers,com.sinosafe.payment.service.common.PosSwipeService,-
payment-service,providers,com.sinosafe.payment.service.background.statistics.StatisticsService,-
payment-service,consumers,cn.com.sinosafe.um.facade.UmFacade,-
payment-service,consumers,com.sinosafe.outside.ins.midbusi.provider.service.intf.VehicleProvideToMidBuisPlatService,-
payment-service,consumers,webservice.provider.paymentquery.facade.FINReceiveBackinfoService,-
payment-service,consumers,com.crm.app.workflow.deliver.service.PayRewriteService,-
payment-service,consumers,finapi.provider.realname.facade.FinForRealNameService,-
payment-service,consumers,webservice.provider.paymentquery.facade.FINReceiveCarPlatformInfoService,-
payment-service,consumers,com.sinosoft.web.service.RedBriberyInterfaceHandler,-
CLMPrpallServerProvider,providers,com.core.application.interact.dubbo.provider.anti.AntiClaimDubQueryService,-
CLMPrpallServerProvider,providers,cn.com.sinosafe.claim.newcore.service.GcSelfClmService,-
CLMPrpallServerProvider,providers,cn.com.sinosafe.claim.ZBCFservice.service.ZBCFSmsService,“—«®“∆
CLMPrpallServerProvider,providers,com.core.application.interact.dubbo.provider.vehicle.IVehcomClaimService,-
CLMPrpallServerProvider,providers,com.core.application.interact.dubbo.provider.repair.GcRepairDubService,-
CLMPrpallServerProvider,providers,com.core.application.interact.dubbo.provider.elecCommer.ecInterFacade.Claim2ElecCommerceFacade,-
CLMPrpallServerProvider,providers,com.core.application.interact.dubbo.provider.payment.paymentInterFacade.Claim2PaymentInterFacade,-
CLMPrpallServerProvider,providers,com.core.application.interact.dubbo.provider.xinBao.GcXinBaoService,-
CLMPrpallServerProvider,providers,com.core.application.interact.dubbo.GcCommonDubService,-
CLMPrpallServerProvider,providers,cn.com.sinosafe.claim.newcore.service.ClmMidPlatService,-
CLMPrpallServerProvider,providers,com.core.application.interact.dubbo.provider.PCS.PCSInterFacade.Claim2PCSInterFacade,-
CLMPrpallServerProvider,providers,com.core.application.interact.dubbo.provider.videoSurvey.vsInterFacade.Claim2vsFacade,-
CLMPrpallServerProvider,providers,com.core.application.interact.dubbo.provider.policy.policyInterFacade.Claim2policyFacade,-
CLMPrpallServerProvider,providers,com.core.application.platform.service.facade.GgClaimAutoTaskService,-
CLMPrpallServerProvider,providers,com.core.application.interact.dubbo.provider.tps.ClmForTpsService,-
CLMPrpallServerProvider,providers,com.core.application.interact.dubbo.provider.cps.CpsClaimDubQueryService,-
CLMPrpallServerProvider,providers,cn.com.sinosafe.claim.newcore.service.ClmRegistPlatService,-
CLMPrpallServerProvider,providers,com.core.application.interact.dubbo.provider.reins.reinsInterFacade.Claim2reinsFacade,-
CLMPrpallServerProvider,providers,com.core.application.interact.dubbo.provider.heBao.GcHeBaoService,-
CLMPrpallServerProvider,consumers,webservice.provider.claim.facade.ClaimWebService,-
CLMPrpallServerProvider,consumers,com.firsttech.facade.ClaimCalculateServiceInf,-
CLMPrpallServerProvider,consumers,cn.com.sinosafe.claim.selfservice.api.service.SelfApiService,-
CLMPrpallServerProvider,consumers,com.sinosafe.core.ins.interact.dubbo.Law2ClaimProvider,-
CLMPrpallServerProvider,consumers,cn.com.sinosafe.clmautoevaluate.dubbo.DayuDubService,“—«®“∆
CLMPrpallServerProvider,consumers,com.core.service.interf.GCDataQueryService,-
CLMPrpallServerProvider,consumers,com.hf.framework.cas.login.LoginService,-
CLMPrpallServerProvider,consumers,com.core.service.interf.GrCommonDataQueryService,-
CLMPrpallServerProvider,consumers,cn.com.sinosafe.core.query.common.service.CoreClaimDubService,“—«®“∆
CLMPrpallServerProvider,consumers,com.hacc.service.ComplaintsListService,-
CLMPrpallServerProvider,consumers,com.sinosafe.center.dubbo.service.EcifsearchService,-
CLMPrpallServerProvider,consumers,com.firsttech.facade.ClaimCalculateServiceInfNew,-
CLMPrpallServerProvider,consumers,cn.com.sinosafe.claim.ZBCFservice.service.ZBCFCenterService,“—«®“∆
CLMPrpallServerProvider,consumers,cn.com.sinosafe.antifraud.dubbo.IAntiDubService,“—«®“∆
CLMPrpallServerProvider,consumers,cn.com.sinosafe.tps.module.api.dubbo.provider.service.ITpsForClaimProviderService,“—«®“∆
CLMPrpallServerProvider,consumers,cn.com.sinosafe.claim.selfservice.api.service.CallSelfForClaimService,-
CLMPrpallServerProvider,consumers,cn.com.sinosafe.lina.applogger.service.CibsForDubboService,-
cmis,consumers,com.sinosafe.xinbao.dubbo.service.WorldunionQueryService,-
cmis,consumers,com.hf.framework.cas.login.LoginService,-
cmis,consumers,dub.provider.outsys.facade.InfOutSystemService,-
cmis,consumers,com.sinosafe.service.cmis.HaXbCmisAppApiServiceV2,-
cmis,consumers,com.sinosafe.quartz.service.pagb.ILoanAfterForPagbService,-
cmis,consumers,com.sinosafe.xinbao.dubbo.service.CreditQueryService,-
cmis,consumers,com.sinosafe.xinbao.dubbo.service.CreditDataService,-
cmis,consumers,com.sinosafe.xinbao.dubbo.service.RuleService,-
cmis,consumers,com.sinosafe.xinbao.dubbo.service.OtherCreditQueryService,-
cmis,providers,com.sinosafe.xinbao.dubbo.service.MinTaiLoanStatusService,-
cmis,providers,com.sinosafe.service.study.HaXbStudyAppApiService,-
cmis,providers,com.sinosafe.xinbao.dubbo.service.PayCoverFeeService,-
cmis,providers,com.sinosafe.xinbao.dubbo.service.QueryXbService,-
cmis,providers,com.sinosafe.xinbao.dubbo.service.CommonService,-
cmis,providers,com.sinosafe.xinbao.dubbo.service.SYZXDService,-
cmis,providers,com.sinosafe.springmvc.service.SanXiangServiceBase,-
cmis,providers,com.sinosafe.service.cmis.HaXbCmisAppApiServiceV2,-
cmis,providers,com.sinosafe.xinbao.dubbo.service.WxminCmisService,-
cmis,providers,com.sinosafe.xinbao.dubbo.service.ReturnVisitService,-
cmis,providers,com.sinosafe.xinbao.dubbo.service.BusiLoanApplyService,-
cmis,providers,com.sinosafe.springmvc.service.CommonServiceBase,-
cmis,providers,com.sinosafe.xinbao.dubbo.service.ILoanTradeForWsyhService,-
cmis,providers,com.sinosafe.xinbao.dubbo.service.WeiXinService,-
cmis,providers,com.sinosafe.service.cmis.CopAppApplyService,-
cmis,providers,com.sinosafe.xinbao.dubbo.service.BusiCoverageFeePayService,-
cmis,providers,com.sinosafe.xinbao.dubbo.service.LifeLoanService,-
cmis,providers,com.sinosafe.springmvc.service.CqrcServiceBase,-
cmis,providers,com.sinosafe.xinbao.dubbo.service.ReceiveInvestListService,-
ha_pbc_dubbo,providers,com.sinosafe.xinbao.dubbo.service.WorldunionQueryService,-
ha_pbc_dubbo,providers,com.sinosafe.xinbao.dubbo.service.LianPayService,-
ha_pbc_dubbo,providers,com.sinosafe.xinbao.dubbo.service.CpcnPayService,-
ha_pbc_dubbo,providers,com.sinosafe.xinbao.dubbo.service.CreditQueryService,-
ha_pbc_dubbo,providers,com.sinosafe.xinbao.dubbo.service.CreditDataService,-
ha_pbc_dubbo,providers,com.sinosafe.xinbao.dubbo.service.RuleService,-
ha_pbc_dubbo,providers,com.sinosafe.xinbao.dubbo.service.OtherCreditQueryService,-
NBZPrpallServerProvider,consumers,com.sinosoft.webservice.VerStaOptDubboService,-
NBZPrpallServerProvider,consumers,com.pactera.ecif.service.BlackListService,-
NBZPrpallServerProvider,consumers,com.core.tcs.vc.webservice.provider.docVerInquiry.component.DocVerInquiryService,-
NBZPrpallServerProvider,consumers,cn.com.sinosafe.um.facade.UmFacade,-
NBZPrpallServerProvider,consumers,cn.com.sinosafe.fee.dubbo.service.CostManageProviderService,“—«®“∆
NBZPrpallServerProvider,consumers,com.sinosafe.core.ins.undwrt.provider.service.intf.VehicleToUndwrtService,-
NBZPrpallServerProvider,consumers,webservice.provider.paymentquery.facade.FINReceiveBackinfoService,-
NBZPrpallServerProvider,consumers,com.core.application.interact.dubbo.provider.xinBao.GcXinBaoService,-
NBZPrpallServerProvider,consumers,com.firsttech.facade.NbzUwauditIlogServiceInfNew,-
NBZPrpallServerProvider,consumers,dub.provider.outsys.facade.InfOutSystemService,-
NBZPrpallServerProvider,consumers,com.core.service.interf.GUDataProcessService,-
NBZPrpallServerProvider,consumers,com.core.service.interf.GrCommonDataQueryService,-
NBZPrpallServerProvider,consumers,com.core.application.interact.dubbo.provider.policy.policyInterFacade.Claim2policyFacade,-
NBZPrpallServerProvider,consumers,webservice.provider.paymentquery.facade.PaymentQueryService,-
NBZPrpallServerProvider,consumers,com.core.tcs.vc.webservice.provider.docDoAnnuled.component.DocDoAnnuledService,-
NBZPrpallServerProvider,consumers,com.pactera.ecif.service.EcifNewSearchService,-
NBZPrpallServerProvider,consumers,webservice.provider.prpall.facade.PrpallWebService,-
NBZPrpallServerProvider,consumers,webservice.provider.paymentquery.facade.FINReceiveCarPlatformInfoService,-
NBZPrpallServerProvider,consumers,webservice.provider.others.facade.Fin_p_commi_ReaccruedService,-
NBZPrpallServerProvider,consumers,com.firsttech.facade.NbzUwauditIlogServiceInf,-
NBZPrpallServerProvider,consumers,com.sinosafe.core.ins.prpall.provider.service.intf.VehicleInsCIPlatformService,-
NBZPrpallServerProvider,consumers,com.core.tcs.vc.webservice.provider.docNumStatusInquiry.component.DocNumStatusInquiryService,-
NBZPrpallServerProvider,consumers,cn.com.sinosafe.lina.applogger.service.CibsForDubboService,-
NBZPrpallServerProvider,consumers,com.core.tcs.vc.webservice.provider.docDoUsed.component.DocDoUsedService,-
NBZPrpallServerProvider,consumers,com.core.service.interf.GUDataQueryService,-
NBZPrpallServerProvider,consumers,com.core.application.interact.dubbo.provider.heBao.GcHeBaoService,-
NBZPrpallServerProvider,consumers,com.sinosafe.core.ins.payment.provider.service.intf.VehicleToPaymentService,-
NBZPrpallServerProvider,consumers,com.core.tcs.vc.webservice.provider.insuranceCardDoActivated.component.InsuranceCardDoActivatedService,-
NBZPrpallServerProvider,consumers,com.core.tcs.vc.webservice.provider.insuCardInfoInquiry.component.InsuCardInfoInquiryService,-
NBZPrpallServerProvider,providers,com.core.application.prpall.service.facade.GuClaimToVehicleInsService,-
NBZPrpallServerProvider,providers,com.core.application.platform.service.facade.GgNbzAutoTaskService,-
NBZPrpallServerProvider,providers,dub.provider.simple.submituwn.facade.InfBatchSubmitUwnService,-
NBZPrpallServerProvider,providers,dub.provider.vc.activationcard.facade.InfActivationCardService,-
NBZPrpallServerProvider,providers,dub.provider.claim.facade.GuToClaimService,-
NBZPrpallServerProvider,providers,dub.provider.payment.facade.InfResetCommissionService,-
NBZPrpallServerProvider,providers,dub.provider.simple.applyprocess.facade.InfBatchInsuredService,-
NBZPrpallServerProvider,providers,dub.provider.payment.facade.AntiMoneyPaymentService,-
NBZPrpallServerProvider,providers,dub.provider.outsys.facade.InfOutMakePolicyService,-
NBZPrpallServerProvider,providers,dub.provider.payment.facade.GuToAdjustmentFeeService,-
NBZPrpallServerProvider,providers,com.core.application.platform.service.facade.ExcelReadTaskService,-
NBZPrpallServerProvider,providers,dub.provider.simple.applyprocess.facade.InfReservationService,-
NBZPrpallServerProvider,providers,dub.provider.riskmanage.facade.GuToRiskManageService,-
NBZPrpallServerProvider,providers,dub.provider.simple.applyprocess.facade.InfApplyProcessService,-
NBZPrpallServerProvider,providers,dub.provider.payment.facade.GuToPaymentService,-
NBZPrpallServerProvider,providers,dub.provider.outsys.facade.InfOutSystemService,-
NBZPrpallServerProvider,providers,dub.provider.outsys.facade.GuSaleNameCodeByRiskCodeService,-
NBZPrpallServerProvider,providers,com.core.application.prpall.service.facade.GwPrpallTaskHandleToVehicleInsService,-
NBZPrpallServerProvider,providers,dub.provider.reins.facade.GuToReinsService,-
NBZPrpallServerProvider,providers,dub.provider.simple.salesInfo.facade.InfSalesInfoService,-
NBZPrpallServerProvider,providers,dub.provider.simple.applyprocess.facade.InfQueryDetailService,-
NBZPrpallServerProvider,providers,dub.provider.simple.resendelectron.facade.InfResendElectronService,-
NBZPrpallServerProvider,providers,com.core.application.prpall.service.facade.GuProposalToVehicleInsService,-
NBZPrpallServerProvider,providers,dub.provider.outsys.facade.CreatUserService,-
NBZPrpallServerProvider,providers,dub.provider.simple.applyquery.facade.InfApplyQueryService,-
NBZPrpallServerProvider,providers,com.core.application.prpall.service.facade.GuEndorToVehicleInsService,-
NBZPrpallServerProvider,providers,dub.provider.outsys.facade.InfOutEndorAbleCheckService,-
NBZPrpallServerProvider,providers,com.core.application.prpall.service.facade.GwTaskInterfaceServiceToVehicleInsService,-
NBZPrpallServerProvider,providers,dub.provider.simple.applyupdate.facade.InfApplyUpdateService,-
NBZPrpallServerProvider,providers,dub.provider.active.facade.InfCustomerActiveService,-
NBZPrpallServerProvider,providers,dub.provider.simple.applydel.facade.InfApplyDelService,-
NBZPrpallServerProvider,providers,dub.provider.simple.cancellation.facade.InfBatchCancellationService,-
ecif-channel,providers,com.sinosafe.center.dubbo.service.EcifsearchPolicyService,-
ecif-channel,providers,com.sinosafe.center.dubbo.service.EcifsearchDeliveryService,-
ecif-channel,providers,com.sinosafe.center.dubbo.service.EcifsearchBankService,-
ecif-channel,providers,com.sinosafe.center.dubbo.service.EcifsearchService,-
channel-service-platform,consumers,com.core.tcs.vc.ifc.InvoiceIFCCommonService,-
channel-service-platform,consumers,com.sinosafe.outside.ins.midbusi.provider.service.intf.VehicleProvideToMidBuisPlatService,-
channel-service-platform,consumers,dub.provider.outsys.facade.InfOutSystemService,-
channel-service-platform,consumers,webservice.provider.paymentquery.facade.FINReceiveCarPlatformInfoService,-
channel-service-platform,consumers,dub.provider.active.facade.InfCustomerActiveService,-
channel-service-platform,consumers,com.core.tcs.vc.webservice.provider.insuCardInfoInquiry.component.InsuCardInfoInquiryService,-
eiescore_newcore,consumers,com.core.tcs.vc.ifc.InvoiceIFCCommonService,-
eiescore_newcore,consumers,dub.provider.outsys.facade.InfOutSystemService,-
HAXB-Rest-Common-Service,consumers,webservice.provider.claim.facade.ClaimWebService,-
HAXB-Rest-Common-Service,consumers,com.alibaba.dubbo.monitor.MonitorService,-
HAXB-Rest-Common-Service,consumers,cn.com.sinosafe.fee.dubbo.service.CostManageProviderService,“—«®“∆
HAXB-Rest-Common-Service,consumers,webservice.provider.paymentquery.facade.FINReceiveBackinfoService,-
HAXB-Rest-Common-Service,consumers,com.core.application.interact.dubbo.provider.xinBao.GcXinBaoService,-
HAXB-Rest-Common-Service,consumers,dub.provider.outsys.facade.InfOutSystemService,-
HAXB-Rest-Common-Service,consumers,webservice.provider.prpall.facade.PrpallWebService,-
HAXB-Rest-Common-Service,consumers,webservice.provider.paymentquery.facade.FINReceiveCarPlatformInfoService,-
HAXB-Rest-Common-Service,consumers,cn.com.sinosafe.lina.applogger.service.CibsForDubboService,-
mdss-main,consumers,webservice.provider.claim.facade.ClaimWebService,-
mdss-main,consumers,cn.com.sinosafe.um.facade.UmFacade,-
mdss-main,consumers,com.sinosafe.outside.ins.phoneSales.provider.service.intf.VehicleProvideToElectricPinService,-
artemis-export,consumers,webservice.provider.claim.facade.ClaimWebService,-
artemis-export,consumers,cn.com.sinosafe.fee.dubbo.service.CostManageProviderService,“—«®“∆
artemis-export,consumers,webservice.provider.paymentquery.facade.FINReceiveBackinfoService,-
artemis-export,consumers,com.core.application.interact.dubbo.provider.xinBao.GcXinBaoService,-
artemis-export,consumers,com.hf.framework.cas.login.LoginService,-
artemis-export,consumers,dub.provider.outsys.facade.InfOutSystemService,-
artemis-export,consumers,webservice.provider.paymentquery.facade.FINReceiveCarPlatformInfoService,-
artemis-export,consumers,cn.com.sinosafe.lina.applogger.service.CibsForDubboService,-
fin-api,consumers,webservice.provider.claim.facade.ClaimWebService,-
fin-api,consumers,cn.com.sinosafe.um.facade.UmFacade,-
fin-api,consumers,com.alibaba.dubbo.monitor.MonitorService,-
fin-api,consumers,webservice.provider.paymentquery.facade.FINReceiveBackinfoService,-
fin-api,consumers,webservice.provider.prpall.facade.PrpallWebService,-
ecif_api,providers,com.pactera.ecif.service.BlackListService,-
ecif_api,providers,com.pactera.ecif.service.EcifNewSearchService,-
sales-reports,consumers,cn.com.sinosafe.um.facade.UmFacade,-
IlogServiceProviderNonInsNew,consumers,cn.com.sinosafe.um.facade.UmFacade,-
IlogServiceProviderNonInsNew,providers,com.firsttech.facade.NbzUwauditIlogServiceInfNew,-
IlogServiceProviderNonInsNew,providers,com.firsttech.facade.QuotationIlongServiceInfNew,-
IlogClaimServiceProviderPcis,consumers,cn.com.sinosafe.um.facade.UmFacade,-
IlogClaimServiceProviderPcis,providers,com.firsttech.facade.ClaimCalculateServiceInf,-
IlogClaimServiceProviderPcis,providers,com.firsttech.facade.ClaimAutoApproveServiceInf,-
IlogServiceProviderPcisFG,consumers,cn.com.sinosafe.um.facade.UmFacade,-
IlogServiceProviderPcisFG,providers,com.firsttech.facade.UnderwritingServiceInfFG,-
mq-support,consumers,cn.com.sinosafe.um.facade.UmFacade,-
mq-support,providers,com.sinosafe.mq.facade.MqMsgFacade,-
agent-admin,consumers,cn.com.sinosafe.um.facade.UmFacade,-
agent-admin,consumers,com.alibaba.dubbo.monitor.MonitorService,-
agent-admin,consumers,com.sinosafe.service.cmis.CopAppApplyService,-
IlogServiceProviderPcis,consumers,cn.com.sinosafe.um.facade.UmFacade,-
IlogServiceProviderPcis,consumers,service.DubboService,-
IlogServiceProviderPcis,providers,com.firsttech.facade.UnderwritingServiceInf,-
callsdata-platform-domain,consumers,cn.com.sinosafe.um.facade.UmFacade,-
callsdata-platform-domain,consumers,com.alibaba.dubbo.monitor.MonitorService,-
ccdata-platform,consumers,cn.com.sinosafe.um.facade.UmFacade,-
ccdata-platform,consumers,com.alibaba.dubbo.monitor.MonitorService,-
IlogServiceProviderNonIns,consumers,cn.com.sinosafe.um.facade.UmFacade,-
IlogServiceProviderNonIns,providers,com.firsttech.facade.NbzUwauditIlogServiceInf,-
policyFee,consumers,cn.com.sinosafe.um.facade.UmFacade,-
policyFee,consumers,com.sinosafe.service.PointsService,-
policyFee,providers,com.sinosafe.demo.facade.UmDomainFacade,-
channelDubboConsumer,consumers,cn.com.sinosafe.um.facade.UmFacade,-
channelDubboConsumer,consumers,platapi.provider.common.facade.PlatForSalesService,-
IlogServiceProviderPcisFGNew,consumers,cn.com.sinosafe.um.facade.UmFacade,-
IlogServiceProviderPcisFGNew,providers,com.firsttech.facade.UnderwritingServiceInfFGNew,-
recommend,consumers,cn.com.sinosafe.um.facade.UmFacade,-
agent-api,consumers,cn.com.sinosafe.um.facade.UmFacade,-
agent-api,consumers,com.sinosafe.service.cmis.CopAppApplyService,-
com-sales-manage,consumers,cn.com.sinosafe.um.facade.UmFacade,-
com-sales-manage,consumers,platapi.provider.common.facade.PlatForSalesService,-
com-sinosafe-sales-workform,consumers,cn.com.sinosafe.um.facade.UmFacade,-
IlogClaimServiceProviderPcisNew,consumers,cn.com.sinosafe.um.facade.UmFacade,-
IlogClaimServiceProviderPcisNew,providers,com.firsttech.facade.ClaimAutoApproveServiceInfNew,-
IlogClaimServiceProviderPcisNew,providers,com.firsttech.facade.ClaimCalculateServiceInfNew,-
ilogManager,consumers,cn.com.sinosafe.um.facade.UmFacade,-
ilogManager,providers,com.sinosafe.wodm.facade.UmDomainFacade,-
paymentweb-service,consumers,cn.com.sinosafe.um.facade.UmFacade,-
paymentweb-service,consumers,com.sinosafe.outside.ins.midbusi.provider.service.intf.VehicleProvideToMidBuisPlatService,-
paymentweb-service,consumers,webservice.provider.paymentquery.facade.FINReceiveCarPlatformInfoService,-
paymentweb-service,providers,com.sinosafe.payment.service.InstalmentsPaymentPLanService,-
um,providers,cn.com.sinosafe.um.facade.UmFacade,-
um,providers,cn.com.sinosafe.um.facade.UmToOaFacade,-
um,providers,cn.com.sinosafe.um.facade.UmRestFacade,-
ha_esb_dubbo,consumers,com.sinosafe.xinbao.dubbo.service.MinTaiLoanStatusService,-
ha_esb_dubbo,consumers,com.sinosafe.xinbao.dubbo.service.BusiLoanApplyService,-
ha_esb_dubbo,consumers,com.sinosafe.springmvc.service.CommonServiceBase,-
ha_esb_dubbo,consumers,com.sinosafe.springmvc.service.CqrcServiceBase,-
ha_esb_dubbo,consumers,com.sinosafe.xinbao.dubbo.service.ReceiveInvestListService,-
PlatServerProvider,consumers,com.core.application.platform.service.facade.GgNbzAutoTaskService,-
PlatServerProvider,consumers,dubbo.com.sinosafe.product.ProductInfoService,-
PlatServerProvider,consumers,com.core.application.platform.service.facade.GgVehicleAutoTaskService,-
PlatServerProvider,consumers,com.core.application.platform.service.facade.GgVisaAutoTaskService,-
PlatServerProvider,consumers,com.core.application.platform.service.facade.GgFinAutoTaskService,-
PlatServerProvider,consumers,com.core.application.platform.service.facade.ExcelReadTaskService,-
PlatServerProvider,consumers,com.core.application.platform.service.facade.GgReinsAutoTaskService,-
PlatServerProvider,consumers,com.core.application.platform.service.facade.GgClaimAutoTaskService,-
PlatServerProvider,consumers,com.core.service.interf.GUDataQueryService,-
PlatServerProvider,providers,platapi.provider.common.facade.PlatForSalesService,-
PlatServerProvider,providers,com.core.application.platform.service.facade.RiskManagePowerService,-
PlatServerProvider,providers,com.core.application.platform.service.facade.GgViewClauseContextForVehicleService,-
PlatServerProvider,providers,com.core.application.platform.service.facade.GgViewClauseContextService,-
PlatServerProvider,providers,com.core.application.platform.service.facade.AutoFlagEditService,-
PlatServerProvider,providers,com.core.application.platform.service.facade.GgCoinsUpdateFlagService,-
japp-cmscenter-admin,providers,dubbo.com.sinosafe.product.ProductInfoService,-
japp-cmscenter-admin,consumers,com.core.application.platform.service.facade.GgViewClauseContextService,-
ACTUARY-SYSTEM,consumers,finapi.provider.voucher.facade.VoucherWebService,-
simpleServerProvider,consumers,dub.provider.simple.submituwn.facade.InfBatchSubmitUwnService,-
simpleServerProvider,consumers,dub.provider.simple.applyprocess.facade.InfBatchInsuredService,-
simpleServerProvider,consumers,dub.provider.simple.applyprocess.facade.InfReservationService,-
simpleServerProvider,consumers,dub.provider.simple.applyprocess.facade.InfApplyProcessService,-
simpleServerProvider,consumers,dub.provider.simple.salesInfo.facade.InfSalesInfoService,-
simpleServerProvider,consumers,com.sinosafe.center.dubbo.service.EcifsearchService,-
simpleServerProvider,consumers,dub.provider.simple.applyprocess.facade.InfQueryDetailService,-
simpleServerProvider,consumers,dub.provider.simple.resendelectron.facade.InfResendElectronService,-
simpleServerProvider,consumers,dub.provider.simple.applyquery.facade.InfApplyQueryService,-
simpleServerProvider,consumers,com.core.tcs.vc.webservice.provider.docNumStatusInquiry.component.DocNumStatusInquiryService,-
simpleServerProvider,consumers,dub.provider.simple.applyupdate.facade.InfApplyUpdateService,-
simpleServerProvider,consumers,com.core.tcs.vc.webservice.provider.docDoUsed.component.DocDoUsedService,-
simpleServerProvider,consumers,dub.provider.simple.applydel.facade.InfApplyDelService,-
simpleServerProvider,consumers,dub.provider.simple.cancellation.facade.InfBatchCancellationService,-
ReinsServer,providers,com.core.service.interf.GrArchivesService,-
ReinsServer,providers,com.core.service.interf.GPDataProcessService,-
ReinsServer,providers,com.core.service.interf.GCDataProcessService,-
ReinsServer,providers,com.core.service.interf.GCDataQueryService,-
ReinsServer,providers,com.core.service.interf.GUDataProcessService,-
ReinsServer,providers,com.core.application.platform.service.facade.GgReinsAutoTaskService,-
ReinsServer,providers,com.core.service.interf.GrCommonDataQueryService,-
ReinsServer,providers,com.core.service.interf.GUDataQueryService,-
ReinsServer,consumers,webservice.provider.reins.facade.ReinsWebService,-
ReinsServer,consumers,dub.provider.reins.facade.GuToReinsService,-
ReinsServer,consumers,com.core.application.interact.dubbo.provider.reins.reinsInterFacade.Claim2reinsFacade,-
iplatform-app,providers,com.sinosoft.web.service.UpdateOrderInfoProxyHandler,-
iplatform-app,providers,com.sinosoft.web.service.InterfaceAreaModulesUser,-
iplatform-app,consumers,com.sinosafe.mplatform.web.service.MpFlowEntryServiceProxy,-
iplatform-app,consumers,com.crm.app.workflow.deliver.service.InetOppService,-
VehicleServer,providers,com.sinosafe.core.ins.micro.provider.service.intf.VehicleProvideToMicroService,-
VehicleServer,providers,com.sinosafe.core.ins.payment.provider.service.intf.VehicleInsToFinCertiVoildService,-
VehicleServer,providers,com.core.application.platform.service.facade.GgVehicleAutoTaskService,-
VehicleServer,providers,com.sinosafe.core.ins.undwrt.provider.service.intf.VehicleToUndwrtService,-
VehicleServer,providers,com.sinosafe.core.ins.prpall.provider.service.intf.VehicleEleProposalService,-
VehicleServer,providers,com.sinosafe.outside.ins.midbusi.provider.service.intf.VehicleProvideToMidBuisPlatService,-
VehicleServer,providers,com.sinosafe.outside.ins.mobileUndwrt.provider.service.intf.VehicleProvideToMobileUndwrtService,-
VehicleServer,providers,com.sinosafe.core.ins.payment.provider.service.intf.VehicleInsToFinCertiCheckService,-
VehicleServer,providers,com.sinosafe.outside.ins.phoneSales.provider.service.intf.VehicleProvideToElectricPinService,-
VehicleServer,providers,com.sinosafe.claim.newcore.service.VehicleProvideToClmService,-
VehicleServer,providers,com.sinosafe.core.ins.prpall.provider.service.intf.VehicleInsCIPlatformService,-
VehicleServer,providers,com.sinosafe.core.ins.payment.provider.service.intf.VehicleInsToFinSaveIssueCodeSer,-
VehicleServer,providers,com.sinosafe.core.ins.payment.provider.service.intf.VehicleToPaymentService,-
VehicleServer,consumers,cn.com.sinosafe.fee.dubbo.service.CostManageProviderService,“—«®“∆
VehicleServer,consumers,com.sinosafe.pfmp.dubbo.policy.service.InsuranceBackwriteService,-
VehicleServer,consumers,com.sinosafe.captcha.facade.CaptchaService,-
VehicleServer,consumers,com.core.application.interact.dubbo.provider.policy.policyInterFacade.Claim2policyFacade,-
VehicleServer,consumers,webservice.provider.paymentquery.facade.PaymentQueryService,-
VehicleServer,consumers,com.ha.net.offer.dubbo.provider.PolicyServices2Outside,-
VehicleServer,consumers,com.sinosafe.center.dubbo.service.EcifsearchService,-
VehicleServer,consumers,com.pactera.ecif.service.EcifNewSearchService,-
VehicleServer,consumers,webservice.provider.prpall.facade.PrpallWebService,-
VehicleServer,consumers,com.sinosafe.pfmp.dubbo.policy.service.EndorsementBackwriteService,-
VehicleServer,consumers,com.crm.app.workflow.deliver.service.TelesalesDeliverService,-
VehicleServer,consumers,cn.com.sinosafe.lina.applogger.service.CibsForDubboService,-
VehicleServer,consumers,com.firsttech.facade.UnderwritingServiceInfFG,-
VehicleServer,consumers,com.core.application.platform.service.facade.AutoFlagEditService,-
VehicleServer,consumers,com.firsttech.facade.UnderwritingServiceInf,-
demotest-provider,providers,service.DubboService,-
haxb_api_customer_consumer,consumers,com.sinosafe.xinbao.dubbo.service.LianPayService,-
haxb_api_customer_consumer,consumers,com.sinosafe.service.study.HaXbStudyAppApiService,-
haxb_api_customer_consumer,consumers,com.sinosafe.service.cmis.HaXbCmisAppApiServiceV2,-
haxb_api_customer_consumer,consumers,com.sinosafe.xinbao.dubbo.service.OtherCreditQueryService,-
japp-offer-service,consumers,com.core.application.interact.dubbo.provider.elecCommer.ecInterFacade.Claim2ElecCommerceFacade,-
japp-offer-service,consumers,com.sinosafe.outside.ins.midbusi.provider.service.intf.VehicleProvideToMidBuisPlatService,-
japp-offer-service,providers,com.ha.net.offer.dubbo.provider.PolicyServices2Outside,-
haxb-weixin-api,consumers,com.alibaba.dubbo.monitor.MonitorService,-
haxb-weixin-api,consumers,com.sinosafe.service.cmis.HaXbCmisAppApiServiceV2,-
haxb-partner,consumers,com.alibaba.dubbo.monitor.MonitorService,-
haxb-partner,consumers,dub.provider.outsys.facade.InfOutSystemService,-
haxb-partner,consumers,com.sinosafe.service.cmis.HaXbCmisAppApiServiceV2,-
haxb-partner,consumers,cn.com.sinosafe.lina.shortdomain.dubbo.service.ShortDomainDubboService,“—«®“∆
haxb-partner,consumers,com.sinosafe.xinbao.dubbo.service.CreditQueryService,-
haxb-partner,consumers,com.sinosafe.xinbao.dubbo.service.RuleService,-
hastudy-cluster,consumers,com.alibaba.dubbo.monitor.MonitorService,-
hastudy-cluster,consumers,com.core.application.interact.dubbo.provider.xinBao.GcXinBaoService,-
hastudy-cluster,consumers,dub.provider.outsys.facade.InfOutSystemService,-
hastudy-cluster,consumers,com.sinosafe.xinbao.dubbo.service.OtherCreditQueryService,-
habsl-api,consumers,com.alibaba.dubbo.monitor.MonitorService,-
habsl-api,consumers,com.sinosafe.service.cmis.HaXbCmisAppApiServiceV2,-
habsl-api,consumers,com.sinosafe.xinbao.dubbo.service.RuleService,-
habsl-api,consumers,com.sinosafe.xinbao.dubbo.service.OtherCreditQueryService,-
simple-monitor,providers,com.alibaba.dubbo.monitor.MonitorService,-
newsms,providers,com.sinosafe.sms.dubbo.service.NewSmsService,-
spring-boot-quartz,consumers,com.sinosafe.xinbao.dubbo.service.CpcnPayService,-
spring-boot-quartz,consumers,dub.provider.outsys.facade.InfOutSystemService,-
spring-boot-quartz,consumers,cn.com.sinosafe.lina.shortdomain.dubbo.service.ShortDomainDubboService,“—«®“∆
spring-boot-quartz,providers,com.sinosafe.quartz.service.automaticRecourse.MassDeductionService,-
spring-boot-quartz,providers,com.sinosafe.quartz.service.pagb.ILoanAfterForPagbService,-
spring-boot-quartz,providers,com.sinosafe.quartz.service.SanXiangQueryPrepayService,-
uc-paystation,providers,com.fenet.insurance.paystation.application.ws.InsuranceService,-
uc-paystation,providers,com.sinosafe.ucenter.api.FinToUcenterService,-
uc-paystation,consumers,webservice.provider.paymentquery.facade.FINReceiveBackinfoService,-
fee-match-domain,providers,cn.com.sinosafe.fee.dubbo.service.CostManageProviderService,“—«®“∆
japp-usercenter-login,consumers,com.sinosafe.outside.ins.midbusi.provider.service.intf.VehicleProvideToMidBuisPlatService,-
japp-usercenter-login,providers,com.sinosafe.dubbo.service.AppInterfaceModulesUser,-
japp-nsp-imia,consumers,com.sinosafe.outside.ins.midbusi.provider.service.intf.VehicleProvideToMidBuisPlatService,-
japp-nsp-imia,consumers,dub.provider.outsys.facade.InfOutSystemService,-
LAWPrpallServerProvider,providers,com.sinosafe.core.ins.interact.dubbo.Law2ClaimProvider,-
LAWPrpallServerProvider,consumers,com.core.application.interact.dubbo.GcCommonDubService,-
dayu-api-domain,providers,cn.com.sinosafe.clmautoevaluate.dubbo.DayuDubService,“—«®“∆
daihou,consumers,com.core.application.interact.dubbo.provider.xinBao.GcXinBaoService,-
captcha-recognition,providers,com.sinosafe.captcha.facade.CaptchaService,-
eautomobile,consumers,com.hf.framework.cas.login.LoginService,-
eautomobile,consumers,com.sinosafe.service.PointsService,-
eautomobile,consumers,com.sinosafe.dubbo.service.AppInterfaceModulesUser,-
eautomobile,consumers,com.ha.net.nsp.renewal.service.CheckPolicyRenewalService,-
sso,providers,com.hf.framework.cas.login.LoginService,-
hastudy-quartz,consumers,dub.provider.outsys.facade.InfOutSystemService,-
core-claim-service,providers,cn.com.sinosafe.core.query.common.service.CoreClaimDubService,“—«®“∆
core-claim-service,providers,cn.com.sinosafe.claim.ZBCFservice.service.ZBCFCenterService,“—«®“∆
eautoopen,consumers,com.sinosoft.web.service.InterfaceProxyHandler,-
short-domain-service,providers,cn.com.sinosafe.lina.shortdomain.dubbo.service.ShortDomainDubboService,“—«®“∆
clm_anti_fraud_plat,providers,cn.com.sinosafe.antifraud.dubbo.IAntiDubService,“—«®“∆
tps-api-domain,providers,cn.com.sinosafe.tps.module.api.dubbo.provider.service.ITpsForClaimProviderService,“—«®“∆
fee-api-external,providers,cn.com.sinosafe.fee.api.http.service.FeeForDSService,“—«®“∆
fee-api-external,providers,cn.com.sinosafe.fee.api.http.service.FeeForXBService,“—«®“∆
credit-web,consumers,com.sinosafe.xinbao.dubbo.service.CreditQueryService,-
self-service-claim-admin,providers,cn.com.sinosafe.claim.selfservice.api.service.CallSelfForClaimService,-
self-service-claim-admin,providers,cn.com.sinosafe.claim.selfservice.admin.service.ReDispatchService,“—«®“∆
clm-report,providers,cn.com.sinosafe.report.base.service.GcRegistService,“—«®“∆
clm-regist,providers,cn.com.sinosafe.report.base.service.GcRegistService,“—«®“∆
fxqPrpallServerProvider,consumers,cn.com.sinosafe.lina.applogger.service.CibsForDubboService,-
anti-money-laundering,providers,cn.com.sinosafe.lina.applogger.service.CibsForDubboService,-
fee-api-domain,providers,cn.com.sinosafe.fee.dubbo.service.SalesProductReceiveService,“—«®“∆
xb-cop-api,consumers,com.sinosafe.service.cmis.CopAppApplyService,-
